list_number,Publication Year,Author,Title,Publication Title,DOI,Url,Pages,Issue,Volume
1,2017,"Aird, Fraser; Kandela, Irawati; Mantis, Christine; Biology, Reproducibility Project: Cancer",Replication Study: BET bromodomain inhibition as a therapeutic strategy to target c-Myc,eLife,10.7554/eLife.21253,https://elifesciences.org/content/6/e21253v1,e21253,,6
2,2018,"Allee, Kristian D.; Deangelis, Matthew D.; Moon, James R.",Disclosure “Scriptability”,Journal of Accounting Research,10.1111/1475-679X.12203,http://doi.wiley.com/10.1111/1475-679X.12203,,,
3,2016,"Allen, Mark S.; Vella, Stewart A.; Swann, Christian; Laborde, Sylvain",Personality and the subjective experience of body mass in Australian adults,Journal of Research in Personality,10.1016/j.jrp.2016.05.003,http://linkinghub.elsevier.com/retrieve/pii/S0092656616300381,73-79,,72
4,2014,"Alogna, V. K.; Attaya, M. K.; Aucoin, P.; Bahník, š.; Birch, S.; Birt, A. R.; Bornstein, B. H.; Bouwmeester, S.; Brandimonte, M. A.; Brown, C.; Buswell, K.; Carlson, C.; Carlson, M.; Chu, S.; Cislak, A.; Colarusso, M.; Colloff, M. F.; Dellapaolera, K. S.; Delvenne, J.-F.; Di Domenico, A.; Drummond, A.; Echterhoff, G.; Edlund, J. E.; Eggleston, C. M.; Fairfield, B.; Franco, G.; Gabbert, F.; Gamblin, B. W.; Garry, M.; Gentry, R.; Gilbert, E. A.; Greenberg, D. L.; Halberstadt, J.; Hall, L.; Hancock, P. J. B.; Hirsch, D.; Holt, G.; Jackson, J. C.; Jong, J.; Kehn, A.; Koch, C.; Kopietz, R.; Körner, U.; Kunar, M. A.; Lai, C. K.; Langton, S. R. H.; Leite, F. P.; Mammarella, N.; Marsh, J. E.; McConnaughy, K. A.; McCoy, S.; McIntyre, A. H.; Meissner, C. A.; Michael, R. B.; Mitchell, A. A.; Mugayar-Baldocchi, M.; Musselman, R.; Ng, C.; Nichols, A. L.; Nunez, N. L.; Palmer, M. A.; Pappagianopoulos, J. E.; Petro, M. S.; Poirier, C. R.; Portch, E.; Rainsford, M.; Rancourt, A.; Romig, C.; Rubínová, E.; Sanson, M.; Satchell, L.; Sauer, J. D.; Schweitzer, K.; Shaheed, J.; Skelton, F.; Sullivan, G. A.; Susa, K. J.; Swanner, J. K.; Thompson, W. B.; Todaro, R.; Ulatowska, J.; Valentine, T.; Verkoeijen, P. P. J. L.; Vranka, M.; Wade, K. A.; Was, C. A.; Weatherford, D.; Wiseman, K.; Zaksaite, T.; Zuj, D. V.; Zwaan, R. A.",Registered Replication Report: Schooler and Engstler-Schooler (1990),Perspectives on Psychological Science,10.1177/1745691614545653,http://journals.sagepub.com/doi/10.1177/1745691614545653,556-578,5,9
5,2017,"Arpin, Sarah Noel; Froehlich, Laura; Lantian, Anthony; Rudert, Selma Carolin; Stelter, Marleen",When “We” or “They” exclude others: attributing and evaluating ostracism observed in in-groups and out-groups,Comprehensive Results in Social Psychology,10.1080/23743603.2017.1358477,https://www.tandfonline.com/doi/full/10.1080/23743603.2017.1358477,143-165,02-Mar,2
6,2017,"Bailey, April H.; LaFrance, Marianne; Dovidio, John F.",Could a woman be superman? Gender and the embodiment of power postures,Comprehensive Results in Social Psychology,10.1080/23743603.2016.1248079,https://www.tandfonline.com/doi/full/10.1080/23743603.2016.1248079,Jan.-22,,
7,2017,"Bell, Raoul; Röer, Jan P.; Marsh, John E.; Storch, Dunja; Buchner, Axel",The Effect of Cognitive Control on Different Types of Auditory Distraction: A Preregistered Study,Experimental Psychology,10.1027/1618-3169/a000372,http://econtent.hogrefe.com/doi/10.1027/1618-3169/a000372,359-368,5,64
8,2018,"Bernard, Darren; Cade, Nicole L.; Hodge, Frank",Investor Behavior and the Benefits of Direct Stock Ownership <sup>*†</sup>,Journal of Accounting Research,10.1111/1475-679X.12198,http://doi.wiley.com/10.1111/1475-679X.12198,,,
9,2017,"Berndsen, Mariëtte; Thomas, Emma F.; McGarty, Craig; Bliuc, Ana-Maria; Hendres, Daniela Muntele","Glorifying national identification increases schadenfreude about asylum seekers when they are a threat, not entitled to seek asylum, and blamed for their adversity",Comprehensive Results in Social Psychology,10.1080/23743603.2017.1360573,https://www.tandfonline.com/doi/full/10.1080/23743603.2017.1360573,166-198,02-Mar,2
10,2014,"Blanken, Irene; van de Ven, Niels; Zeelenberg, Marcel; Meijers, Marijn H.C.",Three Attempts to Replicate the Moral Licensing Effect,Social Psychology,10.1027/1864-9335/a000189,http://econtent.hogrefe.com/doi/abs/10.1027/1864-9335/a000189,232-238,3,45
11,2018,"Blini, Elvio; Tilikete, Caroline; Farnè, Alessandro; Hadj-Bouziane, Fadila",Probing the role of the vestibular system in motivation and reward-based attention,Cortex,10.1016/j.cortex.2018.02.009,http://linkinghub.elsevier.com/retrieve/pii/S0010945218300583,82-99,,103
12,2017,"Bombari, Dario; Mast, Marianne Schmid; Pulfrey, Caroline",Real and imagined power poses: is the physical experience necessary after all?,Comprehensive Results in Social Psychology,10.1080/23743603.2017.1341183,http://dx.doi.org/10.1080/23743603.2017.1341183,44-54,1,2
13,2017,"Bouwmeester, S.; Verkoeijen, P. P. J. L.; Aczel, B.; Barbosa, F.; Bègue, L.; Brañas-Garza, P.; Chmura, T. G. H.; Cornelissen, G.; Døssing, F. S.; Espín, A. M.; Evans, A. M.; Ferreira-Santos, F.; Fiedler, S.; Flegr, J.; Ghaffari, M.; Glöckner, A.; Goeschl, T.; Guo, L.; Hauser, O. P.; Hernan-Gonzalez, R.; Herrero, A.; Horne, Z.; Houdek, P.; Johannesson, M.; Koppel, L.; Kujal, P.; Laine, T.; Lohse, J.; Martins, E. C.; Mauro, C.; Mischkowski, D.; Mukherjee, S.; Myrseth, K. O. R.; Navarro-Martínez, D.; Neal, T. M. S.; Novakova, J.; Pagà, R.; Paiva, T. O.; Palfi, B.; Piovesan, M.; Rahal, R.-M.; Salomon, E.; Srinivasan, N.; Srivastava, A.; Szaszi, B.; Szollosi, A.; Thor, K. ø.; Tinghög, G.; Trueblood, J. S.; Van Bavel, J. J.; van ‘t Veer, A. E.; Västfjäll, D.; Warner, M.; Wengström, E.; Wills, J.; Wollbrant, C. E.","Registered Replication Report: Rand, Greene, and Nowak (2012)",Perspectives on Psychological Science,10.1177/1745691617693624,http://journals.sagepub.com/doi/10.1177/1745691617693624,527-542,3,12
14,2014,"Brandt, Mark J.; IJzerman, Hans; Blanken, Irene","Does Recalling Moral Behavior Change the Perception of Brightness?: A Replication and Meta-Analysis of Banerjee, Chatterjee, and Sinha (2012)",Social Psychology,10.1027/1864-9335/a000191,http://econtent.hogrefe.com/doi/abs/10.1027/1864-9335/a000191,246-252,3,45
15,2017,"Breuer, Johannes; Velez, John; Bowman, Nicholas; Wulf, Tim; Bente, Gary","“Drive the Lane; Together, Hard!”: An Examination of the Effects of Supportive Coplaying and Task Difficulty on Prosocial Behavior",Journal of Media Psychology,10.1027/1864-1105/a000209,http://econtent.hogrefe.com/doi/10.1027/1864-1105/a000209,31-41,1,29
16,2018,"Brindley, Samantha; McDonald, Melissa M.; Welling, Lisa L. M.; Zeigler-Hill, Virgil",An evolutionary perspective on intergroup dating bias,Comprehensive Results in Social Psychology,10.1080/23743603.2018.1436939,https://www.tandfonline.com/doi/full/10.1080/23743603.2018.1436939,Jan.-28,,
17,2017,"Burger, Axel M.; Bless, Herbert",Cognitive consequences of formal clothing: the effects of clothing versus thinking of clothing,Comprehensive Results in Social Psychology,10.1080/23743603.2017.1396185,https://www.tandfonline.com/doi/full/10.1080/23743603.2017.1396185,228-252,02-Mar,2
18,2016,"Bush, Sarah Sunn; Erlich, Aaron; Prather, Lauren; Zeira, Yael",The Effects of Authoritarian Iconography: An Experimental Test,Comparative Political Studies,10.1177/0010414016633228,http://journals.sagepub.com/doi/10.1177/0010414016633228,1704-1738,13,49
19,2014,"Calin-Jageman, Robert J.; Caldwell, Tracy L.","Replication of the Superstition and Performance Study by Damisch, Stoberock, and Mussweiler (2010)",Social Psychology,10.1027/1864-9335/a000190,http://econtent.hogrefe.com/doi/abs/10.1027/1864-9335/a000190,239-245,3,45
20,2017,"Campbell, Anne Eileen; Chambers, Christopher D.; Allen, Christopher P.G.; Hedge, Craig; Sumner, Petroc",Impairment of manual but not saccadic response inhibition following acute alcohol intoxication*,Drug and Alcohol Dependence,10.1016/j.drugalcdep.2017.08.022,http://linkinghub.elsevier.com/retrieve/pii/S0376871617304635,,,
21,2017,"Campbell, Lorne; Balzarini, Rhonda N.; Kohut, Taylor; Dobson, Kiersten; Hahn, Christian M.; Moroz, Sarah E.; Stanton, Sarah C.E.","Self-esteem, relationship threat, and dependency regulation: Independent replication of Murray, Rose, Bellavia, Holmes, and Kusche (2002) Study 3",Journal of Research in Personality,10.1016/j.jrp.2017.04.001,http://linkinghub.elsevier.com/retrieve/pii/S0092656617300363,05-Sep.,,72
22,2016,"Chandler, Jesse",Likeableness and meaningfulness ratings of 555 (+487) person-descriptive words,Journal of Research in Personality,10.1016/j.jrp.2016.07.005,http://linkinghub.elsevier.com/retrieve/pii/S0092656616300848,50-57,,72
23,2018,"Chapman, Angus F.; Hawkins-Elder, Hannah; Susilo, Tirta",How robust is familiar face recognition? A repeat detection study of more than 1000 faces,Royal Society Open Science,10.1098/rsos.170634,http://rsos.royalsocietypublishing.org/content/5/5/170634,170634,5,5
24,2018,"Chetail, Fabienne; Ranzini, Mariagrazia; De Tiège, Xavier; Wens, Vincent; Content, Alain",The consonant/vowel pattern determines the structure of orthographic representations in the left fusiform gyrus,Cortex,10.1016/j.cortex.2018.01.006,http://linkinghub.elsevier.com/retrieve/pii/S0010945218300194,73-86,,101
25,2016,"Cheung, I.; Campbell, L.; LeBel, E. P.; Ackerman, R. A.; Aykutoğlu, B.; Bahník, š.; Bowen, J. D.; Bredow, C. A.; Bromberg, C.; Caprariello, P. A.; Carcedo, R. J.; Carson, K. J.; Cobb, R. J.; Collins, N. L.; Corretti, C. A.; DiDonato, T. E.; Ellithorpe, C.; Fernández-Rouco, N.; Fuglestad, P. T.; Goldberg, R. M.; Golom, F. D.; Gündoğdu-Aktürk, E.; Hoplock, L. B.; Houdek, P.; Kane, H. S.; Kim, J. S.; Kraus, S.; Leone, C. T.; Li, N. P.; Logan, J. M.; Millman, R. D.; Morry, M. M.; Pink, J. C.; Ritchey, T.; Root Luna, L. M.; Sinclair, H. C.; Stinson, D. A.; Sucharyna, T. A.; Tidwell, N. D.; Uysal, A.; Vranka, M.; Winczewski, L. A.; Yong, J. C.","Registered Replication Report: Study 1 From Finkel, Rusbult, Kumashiro, & Hannon (2002)",Perspectives on Psychological Science,10.1177/1745691616664694,http://journals.sagepub.com/doi/10.1177/1745691616664694,750-764,5,11
26,2016,"Chopik, William J.",Does personality change following spousal bereavement?,Journal of Research in Personality,10.1016/j.jrp.2016.08.010,http://linkinghub.elsevier.com/retrieve/pii/S0092656616301076,Oct-21,,72
27,2018,"Coltheart, Max; Cox, Rochelle; Sowman, Paul; Morgan, Hannah; Barnier, Amanda; Langdon, Robyn; Connaughton, Emily; Teichmann, Lina; Williams, Nikolas; Polito, Vince","Belief, delusion, hypnosis, and the right dorsolateral prefrontal cortex: a transcranial magnetic stimulation study",Cortex,10.1016/j.cortex.2018.01.001,http://linkinghub.elsevier.com/retrieve/pii/S0010945218300121,,,
28,2018,"Duin, Sanne R. Van; Dekker, Henri C.; Wielhouwer, Jacco L.; Mendoza, Juan P.",The Tone from above: The Effect of Communicating a Supportive Regulatory Strategy on Reporting Quality,Journal of Accounting Research,10.1111/1475-679X.12205,http://doi.wiley.com/10.1111/1475-679X.12205,,,
29,2017,"Dutilh, Gilles; Vandekerckhove, Joachim; Ly, Alexander; Matzke, Dora; Pedroni, Andreas; Frey, Renato; Rieskamp, Jörg; Wagenmakers, Eric-Jan",A test of the diffusion model explanation for the worst performance rule using preregistration and blinding,"Attention, Perception, & Psychophysics",10.3758/s13414-017-1304-y,http://link.springer.com/10.3758/s13414-017-1304-y,,,
30,2017,"Dwyer, Ryan J.; Dunn, Elizabeth W.; Hershfield, Hal E.",Cousins or conjoined twins: how different are meaning and happiness in everyday life?,Comprehensive Results in Social Psychology,10.1080/23743603.2017.1376580,https://www.tandfonline.com/doi/full/10.1080/23743603.2017.1376580,199-215,02-Mar,2
31,2018,"Eastwick, Paul; Smith, Leigh","Sex-Differentiated Effects of Physical Attractiveness on Romantic Desire: A Highly Powered, Preregistered Study in a Photograph Evaluation Context",Comprehensive Results in Social Psychology,,https://static1.squarespace.com/static/504114b1e4b0b97fe5a520af/t/5a35b04553450a1651d5723f/1513467975072/EastwickSmithCRSPFinal.pdf,,,In Press
32,2016,"Eerland, A.; Sherrill, A. M.; Magliano, J. P.; Zwaan, R. A.; Arnal, J. D.; Aucoin, P.; Berger, S. A.; Birt, A. R.; Capezza, N.; Carlucci, M.; Crocker, C.; Ferretti, T. R.; Kibbe, M. R.; Knepp, M. M.; Kurby, C. A.; Melcher, J. M.; Michael, S. W.; Poirier, C.; Prenoveau, J. M.",Registered Replication Report: Hart & Albarracín (2011),Perspectives on Psychological Science,10.1177/1745691615605826,http://journals.sagepub.com/doi/10.1177/1745691615605826,158-171,1,11
33,2018,"Elleman, Lorien G.; Condon, David M.; Russin, Sarah E.; Revelle, William",The personality of U.S. states: Stability from 1999 to 2015,Journal of Research in Personality,10.1016/j.jrp.2016.06.022,http://linkinghub.elsevier.com/retrieve/pii/S009265661630071X,64-72,,72
34,2018,"Ernst, Anja; Hoekstra, Rink; Wagenmakers, Eric-Jan; Gelman, Andrew; Ravenzwaaij, Don van",Do Researchers Anchor their Beliefs on the Outcome of an Initial Study? Testing the Time-Reversal Heuristic,Experimental Psychology,10.17605/OSF.IO/EHYM3,https://psyarxiv.com/ehym3/,,,
35,2018,"Ertimur, Yonca; Rawson, Caleb; Rogers, Jonathan L.; Zechman, Sarah L. C.",Bridging the Gap: Evidence from Externally Hired CEOs,Journal of Accounting Research,10.1111/1475-679X.12200,http://doi.wiley.com/10.1111/1475-679X.12200,,,
36,2014,"Evers, Ellen R. K.; Lakens, DaniÃ«l",Revisiting Tversky's diagnosticity principle,Frontiers in Psychology,10.3389/fpsyg.2014.00875,http://journal.frontiersin.org/article/10.3389/fpsyg.2014.00875/abstract,,,5
37,2018,"Eyring, Henry; Narayanan, V.G.",Performance Effects of Setting a High Reference Point for Peer-Performance Comparison,Journal of Accounting Research,10.1111/1475-679X.12199,http://doi.wiley.com/10.1111/1475-679X.12199,,,
38,2018,"Frenken, Marius; Berti, Stefan",Exploring the switching of the focus of attention within working memory: A combined event-related potential and behavioral study,International Journal of Psychophysiology,10.1016/j.ijpsycho.2018.01.012,http://linkinghub.elsevier.com/retrieve/pii/S0167876017305846,30-41,,126
39,2016,"Geng, Jingyi; Schnur, Tatiana T.",Role of features and categories in the organization of object knowledge: Evidence from adaptation fMRI,Cortex,10.1016/j.cortex.2016.01.006,http://www.sciencedirect.com/science/article/pii/S0010945216000095,174-194,,78
40,,"Genschow, Oliver; Bardi, Lara; Brass, Marcel",Anticipating actions and corticospinal excitability: A preregistered motor TMS experiment,Cortex,10/gdj7ss,https://www.sciencedirect.com/science/article/pii/S0010945218301461,,,
41,2015,"Gianelli, Claudia; Dalla Volta, Riccardo",Does listening to action-related sentences modulate the activity of the motor system? Replication of a combined TMS and behavioral study,Frontiers in Psychology,10.3389/fpsyg.2014.01511,http://journal.frontiersin.org/article/10.3389/fpsyg.2014.01511/abstract,,,5
42,2014,"Gibson, Carolyn E.; Losee, Joy; Vitiello, Christine","A Replication Attempt of Stereotype Susceptibility (Shih, Pittinsky, & Ambady, 1999): Identity Salience and Shifts in Quantitative Performance",Social Psychology,10.1027/1864-9335/a000184,http://econtent.hogrefe.com/doi/abs/10.1027/1864-9335/a000184,194-198,3,45
43,2017,"Goldberg, Matthew H.; Carmichael, Cheryl L.","Language complexity, belief-consistency, and the evaluation of policies",Comprehensive Results in Social Psychology,10.1080/23743603.2017.1404427,https://www.tandfonline.com/doi/full/10.1080/23743603.2017.1404427,Jan.-17,02-Mar,2
44,2018,"Grubb, Michael A.; Li, Yuxuan",Assessing the role of accuracy-based feedback in value-driven attentional capture,"Attention, Perception, & Psychophysics",10.3758/s13414-018-1494-y,http://link.springer.com/10.3758/s13414-018-1494-y,822-828,,
45,2017,"Guo, Weisi; Del Vecchio, Marco; Pogrebna, Ganna",Global network centrality of university rankings,Royal Society Open Science,10.1098/rsos.171172,http://rsos.royalsocietypublishing.org/lookup/doi/10.1098/rsos.171172,171172,10,4
46,2016,"Hagger, M. S.; Chatzisarantis, N. L. D.; Alberts, H.; Anggono, C. O.; Batailler, C.; Birt, A. R.; Brand, R.; Brandt, M. J.; Brewer, G.; Bruyneel, S.; Calvillo, D. P.; Campbell, W. K.; Cannon, P. R.; Carlucci, M.; Carruth, N. P.; Cheung, T.; Crowell, A.; De Ridder, D. T. D.; Dewitte, S.; Elson, M.; Evans, J. R.; Fay, B. A.; Fennis, B. M.; Finley, A.; Francis, Z.; Heise, E.; Hoemann, H.; Inzlicht, M.; Koole, S. L.; Koppel, L.; Kroese, F.; Lange, F.; Lau, K.; Lynch, B. P.; Martijn, C.; Merckelbach, H.; Mills, N. V.; Michirev, A.; Miyake, A.; Mosser, A. E.; Muise, M.; Muller, D.; Muzi, M.; Nalis, D.; Nurwanti, R.; Otgaar, H.; Philipp, M. C.; Primoceri, P.; Rentzsch, K.; Ringos, L.; Schlinkert, C.; Schmeichel, B. J.; Schoch, S. F.; Schrama, M.; Schütz, A.; Stamos, A.; Tinghög, G.; Ullrich, J.; vanDellen, M.; Wimbarti, S.; Wolff, W.; Yusainy, C.; Zerhouni, O.; Zwienenberg, M.",A Multilab Preregistered Replication of the Ego-Depletion Effect,Perspectives on Psychological Science,10.1177/1745691616652873,http://journals.sagepub.com/doi/10.1177/1745691616652873,546-573,4,11
47,2018,"Hail, Luzi; Tahoun, Ahmed; Wang, Clare",Corporate Scandals and Regulation <sup>*</sup>,Journal of Accounting Research,10.1111/1475-679X.12201,http://doi.wiley.com/10.1111/1475-679X.12201,,,
48,2017,"Heycke, Tobias; Aust, Frederik; Stahl, Christoph",Subliminal influence on preferences? A test of evaluative conditioning for brief visual conditioned stimuli using auditory unconditioned stimuli,Royal Society Open Science,10.1098/rsos.160935,http://rsos.royalsocietypublishing.org/lookup/doi/10.1098/rsos.160935,160935,9,4
49,2018,"Heycke, Tobias; Gehrmann, Sarah; Haaf, Julia M.; Stahl, Christoph",Of two minds or one? A registered replication of Rydell et al. (2006),Cognition and Emotion,10.1080/02699931.2018.1429389,https://www.tandfonline.com/doi/full/10.1080/02699931.2018.1429389,Jan.-20,,
50,2016,"Hidalgo, F. Daniel; Canello, Júlio; Lima-de-Oliveira, Renato",Can Politicians Police Themselves? Natural Experimental Evidence From Brazil’s Audit Courts,Comparative Political Studies,10.1177/0010414015626436,http://journals.sagepub.com/doi/10.1177/0010414015626436,1739-1773,13,49
51,2016,"Hobson, Hannah M.; Bishop, Dorothy V.M.",Mu suppression – A good measure of the human mirror neuron system?,Cortex,10.1016/j.cortex.2016.03.019,http://linkinghub.elsevier.com/retrieve/pii/S0010945216300570,290-310,,82
52,2017,"Horrigan, Stephen K.; Biology, Reproducibility Project: Cancer",Replication Study: The CD47-signal regulatory protein alpha (SIRPa) interaction is a therapeutic target for human solid tumors,eLife,10.7554/eLife.18173,https://elifesciences.org/content/6/e18173v1,e18173,,6
53,2017,"Horrigan, Stephen K; Courville, Pascal; Sampey, Darryl; Zhou, Faren; Cai, Steve; Reproducibility Project: Cancer Biology",Replication Study: Melanoma genome sequencing reveals frequent PREX2 mutations,eLife,10.7554/eLife.21634,https://elifesciences.org/articles/21634,,,6
54,2016,"Huff, Connor; Kruszewska, Dominika","Banners, Barricades, and Bombs: The Tactical Choices of Social Movements and Public Opinion",Comparative Political Studies,10.1177/0010414015621072,http://journals.sagepub.com/doi/10.1177/0010414015621072,1774-1808,13,49
55,2014,"IJzerman, Hans; Blanken, Irene; Brandt, Mark J.; Oerlemans, J. M.; Van den Hoogenhof, Marloes M. W.; Franken, Stephanie J. M.; Oerlemans, Mathe W. G.",Sex Differences in Distress From Infidelity in Early Adulthood and in Later Life: A Replication and Meta-Analysis of Shackelford et al. (2004),Social Psychology,10.1027/1864-9335/a000185,http://econtent.hogrefe.com/doi/abs/10.1027/1864-9335/a000185,202-208,3,45
56,2017,"Ivory, Adrienne Holz; Ivory, James D; Lanier, Madison","Video Game Use as Risk Exposure, Protective Incapacitation, or Inconsequential Activity Among University Students: Comparing Approaches in a Unique Risk Environment",Journal of Media Psychology,10.1027/1864-1105/a000210,http://econtent.hogrefe.com/doi/10.1027/1864-1105/a000210,42-53,1,29
57,2017,"Jackson, Benita; Nault, Kelly; Smart Richman, Laura; LaBelle, Onawa; Rohleder, Nicolas",Does that pose become you? Testing the effect of body postures on self-concept,Comprehensive Results in Social Psychology,10.1080/23743603.2017.1341178,https://www.tandfonline.com/doi/full/10.1080/23743603.2017.1341178,81-105,,2
58,2014,"Johnson, David J.; Cheung, Felix; Donnellan, M. Brent","Does Cleanliness Influence Moral Judgments?: A Direct Replication of Schnall, Benton, and Harvey (2008)",Social Psychology,10.1027/1864-9335/a000186,http://econtent.hogrefe.com/doi/abs/10.1027/1864-9335/a000186,209-215,3,45
59,2017,"Kandela, Irawati; Aird, Fraser; Biology, Reproducibility Project: Cancer",Replication Study: Discovery and preclinical validation of drug indications using compendia of public gene expression data,eLife,10.7554/eLife.17044,https://elifesciences.org/content/6/e17044v1,e17044,,6
60,2017,"Keller, Victor N.; Johnson, David J.; Harder, Jenna A.",Meeting your inner super(wo)man: are power poses effective when taught?,Comprehensive Results in Social Psychology,10.1080/23743603.2017.1341186,https://www.tandfonline.com/doi/full/10.1080/23743603.2017.1341186,106-122,,2
61,2017,"Klaschinski, Lukas; Schnabel, Konrad; Schröder-Abé, Michela",Benefits of power posing: effects on dominance and social sensitivity,Comprehensive Results in Social Psychology,10.1080/23743603.2016.1248080,http://www.tandfonline.com/doi/full/10.1080/23743603.2016.1248080,55-67,,2
62,2016,"Klauer, Karl Christoph; Becker, Manuel; Spruyt, Adriaan",Evaluative Priming in the Pronunciation Task: A Preregistered Replication and Extension,Experimental Psychology,10.1027/1618-3169/a000286,http://econtent.hogrefe.com/doi/10.1027/1618-3169/a000286,70-78,1,63
63,2014,"Klein, Richard A.; Ratliff, Kate A.; Vianello, Michelangelo; Adams, Reginald B.; Bahník, Štěpán; Bernstein, Michael J.; Bocian, Konrad; Brandt, Mark J.; Brooks, Beach; Brumbaugh, Claudia Chloe; Cemalcilar, Zeynep; Chandler, Jesse; Cheong, Winnee; Davis, William E.; Devos, Thierry; Eisner, Matthew; Frankowska, Natalia; Furrow, David; Galliani, Elisa Maria; Hasselman, Fred; Hicks, Joshua A.; Hovermale, James F.; Hunt, S. Jane; Huntsinger, Jeffrey R.; IJzerman, Hans; John, Melissa-Sue; Joy-Gaba, Jennifer A.; Barry Kappes, Heather; Krueger, Lacy E.; Kurtz, Jaime; Levitan, Carmel A.; Mallett, Robyn K.; Morris, Wendy L.; Nelson, Anthony J.; Nier, Jason A.; Packard, Grant; Pilati, Ronaldo; Rutchick, Abraham M.; Schmidt, Kathleen; Skorinko, Jeanine L.; Smith, Robert; Steiner, Troy G.; Storbeck, Justin; Van Swol, Lyn M.; Thompson, Donna; van ‘t Veer, A. E.; Ann Vaughn, Leigh; Vranka, Marek; Wichman, Aaron L.; Woodzicka, Julie A.; Nosek, Brian A.",Investigating Variation in Replicability: A “Many Labs” Replication Project,Social Psychology,10.1027/1864-9335/a000178,http://econtent.hogrefe.com/doi/abs/10.1027/1864-9335/a000178,142-152,3,45
64,2016,"Kopiske, Karl K.; Bruno, Nicola; Hesse, Constanze; Schenk, Thomas; Franz, Volker H.",The functional subdivision of the visual brain: Is there a real illusion effect on action? A multi-lab replication study,Cortex,10.1016/j.cortex.2016.03.020,http://linkinghub.elsevier.com/retrieve/pii/S0010945216300582,130-152,,79
65,2018,"Kowaleski, Zach; Mayhew, Brian W.; Tegeler, Amy C.",The Impact of Consulting Services on Audit Quality: An Experimental Approach,Journal of Accounting Research,10.1111/1475-679X.12197,http://doi.wiley.com/10.1111/1475-679X.12197,,,
66,2018,"Kuppuraj, Sengottuvel; Duta, Mihaela; Thompson, Paul; Bishop, Dorothy",Online incidental statistical learning of audiovisual word sequences in adults: a registered report,Royal Society Open Science,10.1098/rsos.171678,http://rsos.royalsocietypublishing.org/lookup/doi/10.1098/rsos.171678,171678,2,5
67,2018,"Kvetnaya, Tatiana",Registered Replication Report: Testing Disruptive Effects of Irrelevant Speech on Visual-Spatial Working Memory,Journal of European Psychology Students,10.5334/jeps.450,http://jeps.efpsa.org/articles/10.5334/jeps.450/,Oct-15,1,9
68,2017,"Latu, Ioana M.; Duffy, Sean; Pardal, Vaani; Alger, Madeliene",Power vs. persuasion: can open body postures embody openness to persuasion?,Comprehensive Results in Social Psychology,10.1080/23743603.2017.1327178,https://www.tandfonline.com/doi/full/10.1080/23743603.2017.1327178,68-80,,2
69,2018,"Lewis, L Michelle; Edwards, Meredith C; Meyers, Zachary R; Talbot, C Conover; Hao, Haiping; Blum, David; Reproducibility Project: Cancer Biology; Iorns, Elizabeth; Tsui, Rachel; Denis, Alexandria; Perfito, Nicole; Errington, Timothy M",Replication Study: Transcriptional amplification in tumor cells with elevated c-Myc,eLife,10.7554/eLife.30274,https://elifesciences.org/articles/30274,,,7
70,2018,"Li, Shelley Xin; Sandino, Tatiana","Effects of an Information Sharing System on Employee Creativity, Engagement, and Performance",Journal of Accounting Research,10.1111/1475-679X.12202,http://doi.wiley.com/10.1111/1475-679X.12202,,,
71,2017,"Lightner, Aaron D.; Barclay, Pat; Hagen, Edward H.",Radical framing effects in the ultimatum game: the impact of explicit culturally transmitted frames on economic decision-making,Royal Society Open Science,10.1098/rsos.170543,http://rsos.royalsocietypublishing.org/lookup/doi/10.1098/rsos.170543,170543,12,4
72,2017,"Lumian, Daniel S.; McRae, Kateri",Preregistered Replication of “Affective Flexibility: Evaluative Processing Goals Shape Amygdala Activity”,Psychological Science,10.1177/0956797617719730,http://journals.sagepub.com/doi/10.1177/0956797617719730,9.57E+13,,
73,2014,"Lynott, Dermot; Corker, Katherine S.; Wortman, Jessica; Connell, Louise; Donnellan, M. Brent; Lucas, Richard E.; O’Brien, Kerry",Replication of “Experiencing Physical Warmth Promotes Interpersonal Warmth” by Williams and Bargh (2008),Social Psychology,10.1027/1864-9335/a000187,http://econtent.hogrefe.com/doi/abs/10.1027/1864-9335/a000187,216-222,3,45
74,2016,"Magee, Carly; Buchtel, Emma E.; Human, Lauren J.; Murray, Damian R.; Biesanz, Jeremy C.",Is personality variability associated with adjustment?,Journal of Research in Personality,10.1016/j.jrp.2016.08.005,http://linkinghub.elsevier.com/retrieve/pii/S0092656616301015,22-43,,72
75,2017,"Mantis, Christine; Kandela, Irawati; Aird, Fraser; Biology, Reproducibility Project: Cancer",Replication Study: Coadministration of a tumor-penetrating peptide enhances the efficacy of cancer drugs,eLife,10.7554/eLife.17584,https://elifesciences.org/content/6/e17584v1,e17584,,6
76,2017,"McCarthy, Randy J.",Due diligence: revisiting the heat–aggression association hypothesis,Comprehensive Results in Social Psychology,10.1080/23743603.2017.1378071,https://www.tandfonline.com/doi/full/10.1080/23743603.2017.1378071,216-227,02-Mar,2
77,2014,"Moon, Alice; Roeder, Scott S.","A Secondary Replication Attempt of Stereotype Susceptibility (Shih, Pittinsky, & Ambady, 1999)",Social Psychology,10.1027/1864-9335/a000193,http://econtent.hogrefe.com/doi/abs/10.1027/1864-9335/a000193,199-201,3,45
78,2018,"Morgan-Short, K; Marsden, E; Heil, J; Issa, B; Leow, RP; Mikhaylova, A; Mikolajczak, S; Moreno, N; Slabakova, R; Szudarski, P",Multi-site replication in second language acquisition research : Attention to form during listening and reading comprehension,Language Learning (in press),,,,,68
79,2018,"Morgan‐Short, Kara; Marsden, Emma; Heil, Jeanne; Ii, Bernard I. Issa; Leow, Ronald P.; Mikhaylova, Anna; Mikołajczak, Sylwia; Moreno, Nina; Slabakova, Roumyana; Szudarski, Paweł",Multisite Replication in Second Language Acquisition Research: Attention to Form During Listening and Reading Comprehension,Language Learning,10/gdkx4d,https://onlinelibrary.wiley.com/doi/abs/10.1111/lang.12292,392-437,2,68
80,2014,"Müller, Florian; Rothermund, Klaus","What Does It Take to Activate Stereotypes? Simple Primes Don’t Seem Enough: A Replication of Stereotype Activation (Banaji & Hardin, 1996; Blair & Banaji, 1996)",Social Psychology,10.1027/1864-9335/a000183,http://econtent.hogrefe.com/doi/abs/10.1027/1864-9335/a000183,187-193,3,45
81,2016,"Muthukumaraswamy, Suresh D.; Routley, Bethany; Droog, Wouter; Singh, Krish D.; Hamandi, Khalid",The effects of AMPA blockade on the spectral profile of human early visual cortex recordings studied with non-invasive MEG,Cortex,10.1016/j.cortex.2016.03.004,http://linkinghub.elsevier.com/retrieve/pii/S0010945216300338,266-275,,81
82,2014,"Nauts, Sanne; Langner, Oliver; Huijsmans, Inge; Vonk, Roos; Wigboldus, Daniël H. J.",Forming Impressions of Personality,Social Psychology,10.1027/1864-9335/a000179,http://dx.doi.org/10.1027/1864-9335/a000179,153-163,3,45
83,2018,"Nevarez, Michael D.; Morrill, Melinda I.; Waldinger, Robert J.",Thriving in midlife: The roles of childhood nurturance and adult defense mechanisms,Journal of Research in Personality,10.1016/j.jrp.2018.01.002,http://linkinghub.elsevier.com/retrieve/pii/S0092656618300102,35-41,,74
84,2015,"Ong, Lay See; IJzerman, Hans; Leung, Angela K.-Y.",Is comfort food really good for the soul? A replication of Troisi and Gabriel's (2011) Study 2,Frontiers in Psychology,10.3389/fpsyg.2015.00314,http://www.frontiersin.org/Cognition/10.3389/fpsyg.2015.00314/abstract,,,6
85,2016,"Paris, Tim; Kim, Jeesun; Davis, Chris",Using EEG and stimulus context to probe the modelling of auditory-visual speech,Cortex,10.1016/j.cortex.2015.03.010,http://linkinghub.elsevier.com/retrieve/pii/S001094521500101X,220-230,,75
86,2017,"Radel, Rémi; Tempest, Gavin; Denis, Gauthier; Besson, Pierre; Zory, Raphael",Extending the limits of force endurance: Stimulation of the motor or the frontal cortex?,Cortex,10.1016/j.cortex.2017.09.026,http://linkinghub.elsevier.com/retrieve/pii/S0010945217303337,96-108,,97
87,2016,"Ratner, Kaylin; Burrow, Anthony L.; Thoemmes, Felix","The effects of exposure to objective coherence on perceived meaning in life: a preregistered direct replication of Heintzelman, Trent &amp; King (2013)",Royal Society Open Science,10.1098/rsos.160431,http://rsos.royalsocietypublishing.org/lookup/doi/10.1098/rsos.160431,160431,11,3
88,2018,"Repass, John; Biology, Reproducibility Project: Cancer",Replication Study: Fusobacterium nucleatum infection is prevalent in human colorectal carcinoma,eLife,10.7554/eLife.25801,https://elifesciences.org/articles/25801,e25801,,7
89,2016,"Ronay, Richard; Tybur, Joshua M.; van Huijstee, Dian; Morssinkhof, Margot","Embodied power, testosterone, and overconfidence as a causal pathway to risk-taking",Comprehensive Results in Social Psychology,10.1080/23743603.2016.1248081,https://www.tandfonline.com/doi/full/10.1080/23743603.2016.1248081,Jan.-16,,
90,2015,"Rotteveel, Mark; Gierholz, Alexander; Koch, Gijs; van Aalst, Cherelle; Pinto, Yair; Matzke, Dora; Steingroever, Helen; Verhagen, Josine; Beek, Titia F.; Selker, Ravi; Sasiadek, Adam; Wagenmakers, Eric-Jan",On the automatic link between affect and tendencies to approach and avoid: Chen and Bargh (1999) revisited,Frontiers in Psychology,10.3389/fpsyg.2015.00335,http://journal.frontiersin.org/article/10.3389/fpsyg.2015.00335/abstract,,,6
91,2014,"Rowland, Christopher A.; Bates, Lauren E.; DeLosh, Edward L.",On the reliability of retrieval-induced forgetting,Frontiers in Psychology,10.3389/fpsyg.2014.01343,http://journal.frontiersin.org/article/10.3389/fpsyg.2014.01343/abstract,,,5
92,2016,"Sachisthal, Maien S. M.; Sauter, Disa A.; Fischer, Agneta H.",Mimicry of ingroup and outgroup emotional expressions,Comprehensive Results in Social Psychology,10.1080/23743603.2017.1298355,https://www.tandfonline.com/doi/full/10.1080/23743603.2017.1298355,86-105,01-Mar,1
93,2017,"Samur, Dalya; Tops, Mattie; Koole, Sander L.",Does a single session of reading literary fiction prime enhanced mentalising performance? Four replication experiments of Kidd and Castano (2013),Cognition and Emotion,10.1080/02699931.2017.1279591,https://www.tandfonline.com/doi/full/10.1080/02699931.2017.1279591,130-144,1,32
94,2015,"Sassenhagen, Jona; Bornkessel-Schlesewsky, Ina",The P600 as a correlate of ventral attention network reorientation,Cortex,10.1016/j.cortex.2014.12.019,http://linkinghub.elsevier.com/retrieve/pii/S0010945215000283,A3-A20,,66
95,2018,"Schlegel, Katja; Mehu, Marc; van Peer, Jacobien M.; Scherer, Klaus R.",Sense and sensibility: The role of cognitive and emotional intelligence in negotiation,Journal of Research in Personality,10.1016/j.jrp.2017.12.003,http://linkinghub.elsevier.com/retrieve/pii/S0092656617301186,Jun-15,,74
96,2014,"Schouppe, Nathalie; de Ferrerre, Evelien; Van Opstal, Filip; Braem, Senne; Notebaert, Wim",Conscious and unconscious context-specific cognitive control,Frontiers in Psychology,10.3389/fpsyg.2014.00539,http://journal.frontiersin.org/article/10.3389/fpsyg.2014.00539/abstract,,,5
97,2018,"Shan, Xiaochuan; Danet-Desnoyers, Gwenn; Aird, Fraser; Kandela, Irawati; Tsui, Rachel; Perfito, Nicole; Iorns, Elizabeth",Replication study: androgen receptor splice variants determine taxane sensitivity in prostate cancer,PeerJ,10.7717/peerj.4661,https://peerj.com/articles/4661,e4661,,6
98,2017,"Shan, Xiaochuan; Fung, Juan Jose; Kosaka, Alan; Danet-Desnoyers, Gwenn; Reproducibility Project: Cancer Biology",Replication Study: Inhibition of BET recruitment to chromatin as an effective treatment for MLL-fusion leukaemia,eLife,10.7554/eLife.25306,http://elifesciences.org/lookup/doi/10.7554/eLife.25306,,,6
99,2017,"Showalter, Megan Reed; Hatakeyama, Jason; Cajka, Tomas; VanderVorst, Kacey; Carraway, Kermit L; Fiehn, Oliver; Reproducibility Project: Cancer Biology",Replication Study: The common feature of leukemia-associated IDH1 and IDH2 mutations is a neomorphic enzyme activity converting alpha-ketoglutarate to 2-hydroxyglutarate,eLife,10.7554/eLife.26030,http://elifesciences.org/lookup/doi/10.7554/eLife.26030,,,6
100,2014,"Sinclair, H. Colleen; Hood, Kristina B.; Wright, Brittany L.","Revisiting the Romeo and Juliet Effect (Driscoll, Davis, & Lipetz, 1972): Reexamining the Links Between Social Network Opinions and Romantic Relationship Outcomes",Social Psychology,10.1027/1864-9335/a000181,http://econtent.hogrefe.com/doi/abs/10.1027/1864-9335/a000181,170-178,3,45
101,2017,"Soliman, Monica; Peetz, Johanna; Davydenko, Mariya",The Impact of Immersive Technology on Nature Relatedness and Pro-Environmental Behavior,Journal of Media Psychology,10.1027/1864-1105/a000213,http://econtent.hogrefe.com/doi/10.1027/1864-1105/a000213,Aug.-17,1,29
102,2018,"South, Susan C.; Jarnecke, Amber M.; Vize, Colin E.",Sex Differences in the Big Five Model Personality Traits: A Behavior Genetics Exploration,Journal of Research in Personality,10.1016/j.jrp.2018.03.002,http://linkinghub.elsevier.com/retrieve/pii/S0092656618300321,,,
103,2014,"Steegen, Sara; Dewitte, Laura; Tuerlinckx, Francis; Vanpaemel, Wolf",Measuring the crowd within again: a pre-registered replication study,Frontiers in Psychology,10.3389/fpsyg.2014.00786,http://journal.frontiersin.org/article/10.3389/fpsyg.2014.00786/abstract,,,5
104,2015,"Steegen, Sara; Dewitte, Laura; Tuerlinckx, Francis; Vanpaemel, Wolf",Corrigendum: Measuring the crowd within again: a pre-registered replication study,Frontiers in Psychology,10.3389/fpsyg.2015.00238,http://journal.frontiersin.org/Article/10.3389/fpsyg.2015.00238/abstract,,,6
105,2017,"Steinemann, Sharon T.; Iten, Glena H.; Opwis, Klaus; Forde, Seamus F.; Frasseck, Lars; Mekler, Elisa D.",Interactive Narratives Affecting Social Change: A Closer Look at the Relationship Between Interactivity and Prosocial Behavior,Journal of Media Psychology,10.1027/1864-1105/a000211,http://econtent.hogrefe.com/doi/10.1027/1864-1105/a000211,54-66,1,29
106,2017,"Teige-Mocigemba, Sarah; Becker, Manuel; Sherman, Jeffrey W.; Reichardt, Regina; Christoph Klauer, Karl",The Affect Misattribution Procedure: In Search of Prejudice Effects,Experimental Psychology,10.1027/1618-3169/a000364,http://econtent.hogrefe.com/doi/10.1027/1618-3169/a000364,215-230,3,64
107,2017,"Tibboel, Helen",Mood effects on attentional control: a preregistered replication study and critical analysis,Cognition and Emotion,10.1080/02699931.2017.1292217,https://www.tandfonline.com/doi/full/10.1080/02699931.2017.1292217,145-157,1,32
108,2018,"Tipples, Jason; Pecchinenda, Anna",A closer look at the size of the gaze-liking effect: a preregistered replication,Cognition and Emotion,10.1080/02699931.2018.1468732,https://doi.org/10.1080/02699931.2018.1468732,01-Jul,0,0
109,2015,"van ’t Veer, Anna E.; Gallucci, Marcello; Stel, Mariëlle; Beest, Ilja van",Unconscious deception detection measured by finger skin temperature and indirect veracity judgments—results of a registered report,Frontiers in Psychology,10.3389/fpsyg.2015.00672,http://journal.frontiersin.org/article/10.3389/fpsyg.2015.00672/full,672,,
110,2017,"van der Zee, Tim; Admiraal, Wilfried; Paas, Fred; Saab, Nadira; Giesbers, Bas","Effects of Subtitles, Complexity, and Language Proficiency on Learning From Online Education Videos",Journal of Media Psychology,10.1027/1864-1105/a000208,http://econtent.hogrefe.com/doi/10.1027/1864-1105/a000208,18-30,1,29
111,2018,"Vanden Heuvel, John P; Maddox, Ewa; Maalouf, Samar W; Reproducibility Project: Cancer Biology; Iorns, Elizabeth; Tsui, Rachel; Denis, Alexandria; Perfito, Nicole; Errington, Timothy M",Replication Study: Systematic identification of genomic markers of drug sensitivity in cancer cells,eLife,10.7554/eLife.29747,https://elifesciences.org/articles/29747,,,7
112,2014,"Verkoeijen, Peter; Bouwmeester, Samantha",Is spacing really the “friend of induction”?,Frontiers in Psychology,10.3389/fpsyg.2014.00259,http://journal.frontiersin.org/article/10.3389/fpsyg.2014.00259/full#B9,,,5
113,2014,"Vermeulen, Ivar; Batenburg, Anika; Beukeboom, Camiel J.; Smits, Tim","Breakthrough or One-Hit Wonder?: Three Attempts to Replicate Single-Exposure Musical Conditioning Effects on Choice Behavior (Gorn, 1982)",Social Psychology,10.1027/1864-9335/a000182,http://econtent.hogrefe.com/doi/abs/10.1027/1864-9335/a000182,179-186,3,45
114,2016,"Vetter, Max; Kutzner, Florian",Nudge me if you can - how defaults and attitude strength interact to change behavior,Comprehensive Results in Social Psychology,10.1080/23743603.2016.1139390,http://www.tandfonline.com/doi/full/10.1080/23743603.2016.1139390,Jan.-27,,
115,2014,"Voorspoels, Wouter; Bartlema, Annelies; Vanpaemel, Wolf",Can race really be erased? A pre-registered replication study,Frontiers in Psychology,10.3389/fpsyg.2014.01035,http://journal.frontiersin.org/article/10.3389/fpsyg.2014.01035/full,,,5
116,2016,"Wagenmakers, E.-J.; Beek, T.; Dijkhoff, L.; Gronau, Q. F.; Acosta, A.; Adams, R. B.; Albohn, D. N.; Allard, E. S.; Benning, S. D.; Blouin-Hudon, E.-M.; Bulnes, L. C.; Caldwell, T. L.; Calin-Jageman, R. J.; Capaldi, C. A.; Carfagno, N. S.; Chasten, K. T.; Cleeremans, A.; Connell, L.; DeCicco, J. M.; Dijkstra, K.; Fischer, A. H.; Foroni, F.; Hess, U.; Holmes, K. J.; Jones, J. L. H.; Klein, O.; Koch, C.; Korb, S.; Lewinski, P.; Liao, J. D.; Lund, S.; Lupianez, J.; Lynott, D.; Nance, C. N.; Oosterwijk, S.; Ozdoğru, A. A.; Pacheco-Unguetti, A. P.; Pearson, B.; Powis, C.; Riding, S.; Roberts, T.-A.; Rumiati, R. I.; Senden, M.; Shea-Shumsky, N. B.; Sobocko, K.; Soto, J. A.; Steiner, T. G.; Talarico, J. M.; van Allen, Z. M.; Vandekerckhove, M.; Wainwright, B.; Wayand, J. F.; Zeelenberg, R.; Zetzer, E. E.; Zwaan, R. A.","Registered Replication Report: Strack, Martin, & Stepper (1988)",Perspectives on Psychological Science,10.1177/1745691616674458,http://journals.sagepub.com/doi/10.1177/1745691616674458,917-928,6,11
117,2015,"Wagenmakers, Eric-Jan; Beek, Titia F.; Rotteveel, Mark; Gierholz, Alex; Matzke, Dora; Steingroever, Helen; Ly, Alexander; Verhagen, Josine; Selker, Ravi; Sasiadek, Adam; Gronau, Quentin F.; Love, Jonathon; Pinto, Yair",Turning the hands of time again: a purely confirmatory replication study and a Bayesian analysis,Frontiers in Psychology,10.3389/fpsyg.2015.00494,http://journal.frontiersin.org/article/10.3389/fpsyg.2015.00494/full,,,6
118,2016,"Wardecker, Britney M.; Chopik, William J.; LaBelle, Onawa P.; Edelstein, Robin S.",Is narcissism associated with baseline cortisol in men and women?,Journal of Research in Personality,10.1016/j.jrp.2016.07.006,http://linkinghub.elsevier.com/retrieve/pii/S0092656616300861,44-49,,72
119,2014,"Wesselmann, Eric D.; Williams, Kipling D.; Pryor, John B.; Eichler, Fredrick A.; Gill, Devin M.; Hogue, John D.","Revisiting Schachter’s Research on Rejection, Deviance, and Communication (1951)",Social Psychology,10.1027/1864-9335/a000180,http://econtent.hogrefe.com/doi/abs/10.1027/1864-9335/a000180,164-169,3,45
120,2017,"Wessler, Janet; Hansen, Jochim",The effect of psychological distance on automatic goal contagion,Comprehensive Results in Social Psychology,10.1080/23743603.2017.1288877,https://www.tandfonline.com/doi/full/10.1080/23743603.2017.1288877,Jan-35,,
121,2017,"Weston, Sara J.; Jackson, Joshua J.",The role of vigilance in the relationship between neuroticism and health: A registered report,Journal of Research in Personality,10.1016/j.jrp.2017.10.005,http://linkinghub.elsevier.com/retrieve/pii/S0092656617301083,27-34,,73
122,2017,"Whillans, Ashley V.; Seider, Scott C.; Chen, Lihan; Dwyer, Ryan J.; Novick, Sarah; Gramigna, Kathryn J.; Mitchell, Brittany A.; Savalei, Victoria; Dickerson, Sally S.; Dunn, Elizabeth W.",Does volunteering improve well-being?,Comprehensive Results in Social Psychology,10.1080/23743603.2016.1273647,https://www.tandfonline.com/doi/full/10.1080/23743603.2016.1273647,Jan.-16,,
123,2014,"Zanolie, Kiki; Pecher, Diane",Number-induced shifts in spatial attention: a replication study,Frontiers in Psychology,10.3389/fpsyg.2014.00987,http://journal.frontiersin.org/article/10.3389/fpsyg.2014.00987/abstract,,,5
124,2014,"Žeželj, Iris L.; Jokić, Biljana R.","Replication of Experiments Evaluating Impact of Psychological Distance on Moral Judgment: (Eyal, Liberman & Trope, 2008; Gong & Medin, 2012)",Social Psychology,10.1027/1864-9335/a000188,http://econtent.hogrefe.com/doi/abs/10.1027/1864-9335/a000188,223-231,3,45
125,2017,"Zickfeld, Janis H.; Schubert, Thomas W.",Revisiting and extending a response latency measure of inclusion of the other in the self,Comprehensive Results in Social Psychology,10.1080/23743603.2017.1298356,http://dx.doi.org/10.1080/23743603.2017.1298356,Jan.-24,0,0
126,,,Preregistered Report: Exploring Decoy Effects on Computerized Task Preferences in Rhesus Monkeys (Macaca mulatta),Animal Behavior and Cognition,,article.php?id=1145,,,